{
  "run_name": "specdec_task-gsm8k_split-test_arch-qwen_base-qwen-Qwen2.5-7B-Instruct_draft-qwen-Qwen2.5-1.5B-Instruct_fault-weight_samples-3_trials-2_dtype-bfloat16_mode-greedy_20260421-123640",
  "run_output_dir": "speculative_outputs/specdec_task-gsm8k_split-test_arch-qwen_base-qwen-Qwen2.5-7B-Instruct_draft-qwen-Qwen2.5-1.5B-Instruct_fault-weight_samples-3_trials-2_dtype-bfloat16_mode-greedy_20260421-123640",
  "task": "gsm8k",
  "dataset_split": "test",
  "model_type": "qwen",
  "base_model_id": "qwen/Qwen2.5-7B-Instruct",
  "draft_model_id": "qwen/Qwen2.5-1.5B-Instruct",
  "baseline_accuracy": 0.0,
  "baseline_runs": [
    {
      "run": 0,
      "accuracy": 0.0,
      "metric_summary": {
        "proposals_generated": 6.666666666666667,
        "accepted_proposals": 2.3333333333333335,
        "rejected_proposals": 1.6666666666666667,
        "base_only_tokens": 1.6666666666666667,
        "draft_forward_calls": 6.666666666666667,
        "base_forward_calls": 4.0,
        "draft_time": 0.4577661355336507,
        "base_time": 0.10962406794230144,
        "iteration_count": 2.6666666666666665,
        "generation_time": 0.6223870913187662,
        "acceptance_rate": 0.34722222222222215,
        "base_verification_ratio": 0.6157407407407408,
        "tokens_emitted": 4.0,
        "sdc_alert_rate": 1.0
      }
    }
  ],
  "baseline_metric_summary": {
    "proposals_generated": 6.666666666666667,
    "accepted_proposals": 2.3333333333333335,
    "rejected_proposals": 1.6666666666666667,
    "base_only_tokens": 1.6666666666666667,
    "draft_forward_calls": 6.666666666666667,
    "base_forward_calls": 4.0,
    "draft_time": 0.4577661355336507,
    "base_time": 0.10962406794230144,
    "iteration_count": 2.6666666666666665,
    "generation_time": 0.6223870913187662,
    "acceptance_rate": 0.34722222222222215,
    "base_verification_ratio": 0.6157407407407408,
    "tokens_emitted": 4.0,
    "sdc_alert_rate": 1.0
  },
  "trials": [
    {
      "trial": 0,
      "fault_mode": "weight",
      "layer_idx": 20,
      "module": "mlp.gate_proj",
      "bit_positions": [
        0,
        12
      ],
      "accuracy": 0.0,
      "metric_summary": {
        "proposals_generated": 6.666666666666667,
        "accepted_proposals": 2.3333333333333335,
        "rejected_proposals": 1.6666666666666667,
        "base_only_tokens": 1.6666666666666667,
        "draft_forward_calls": 6.666666666666667,
        "base_forward_calls": 4.0,
        "draft_time": 0.13137094179789224,
        "base_time": 0.07860946655273438,
        "iteration_count": 2.6666666666666665,
        "generation_time": 0.24467055002848306,
        "acceptance_rate": 0.34722222222222215,
        "base_verification_ratio": 0.6157407407407408,
        "tokens_emitted": 4.0,
        "sdc_alert_rate": 1.0
      }
    },
    {
      "trial": 1,
      "fault_mode": "weight",
      "layer_idx": 13,
      "module": "mlp.gate_proj",
      "bit_positions": [
        10,
        12
      ],
      "accuracy": 0.0,
      "metric_summary": {
        "proposals_generated": 6.666666666666667,
        "accepted_proposals": 2.3333333333333335,
        "rejected_proposals": 1.6666666666666667,
        "base_only_tokens": 1.6666666666666667,
        "draft_forward_calls": 6.666666666666667,
        "base_forward_calls": 4.0,
        "draft_time": 0.11040266354878743,
        "base_time": 0.06988231341044109,
        "iteration_count": 2.6666666666666665,
        "generation_time": 0.21755115191141763,
        "acceptance_rate": 0.34722222222222215,
        "base_verification_ratio": 0.6157407407407408,
        "tokens_emitted": 4.0,
        "sdc_alert_rate": 1.0
      }
    }
  ]
}