{
  "28": {
    "mean_divergence_index": 1.28,
    "mean_token_edit_distance_norm": 0.95658203125,
    "mean_text_similarity": 0.020658839434592412,
    "mean_hidden_cosine": 0.8159148932103862,
    "mean_hidden_l2": 16.962514056193402,
    "mean_base_topk_js": 0.6879009234011302,
    "mean_base_prob_diff": 0.8642628901580306,
    "mean_acceptance_mismatch_rate": 0.886757849365074
  },
  "13": {
    "mean_divergence_index": 5.94,
    "mean_token_edit_distance_norm": 0.5558706038225474,
    "mean_text_similarity": 0.3446112910046837,
    "mean_hidden_cosine": 0.8192392147215181,
    "mean_hidden_l2": 21.048751501867187,
    "mean_base_topk_js": 0.6571234344780508,
    "mean_base_prob_diff": 0.17779435528197535,
    "mean_acceptance_mismatch_rate": 0.11307690988801847
  },
  "41": {
    "mean_divergence_index": 5.9,
    "mean_token_edit_distance_norm": 0.5688106807254257,
    "mean_text_similarity": 0.3234853419087124,
    "mean_hidden_cosine": 0.816700791730306,
    "mean_hidden_l2": 21.020644157957168,
    "mean_base_topk_js": 0.6526576752738374,
    "mean_base_prob_diff": 0.1794449739073335,
    "mean_acceptance_mismatch_rate": 0.11570784103615069
  },
  "11": {
    "mean_divergence_index": 4.84,
    "mean_token_edit_distance_norm": 0.5930463244422485,
    "mean_text_similarity": 0.31925165295921204,
    "mean_hidden_cosine": 0.8171342026351082,
    "mean_hidden_l2": 21.064695977972953,
    "mean_base_topk_js": 0.6554830665727112,
    "mean_base_prob_diff": 0.18461058718092377,
    "mean_acceptance_mismatch_rate": 0.11910346219778481
  },
  "47": {
    "mean_divergence_index": 5.64,
    "mean_token_edit_distance_norm": 0.5952319045631645,
    "mean_text_similarity": 0.2970665941158207,
    "mean_hidden_cosine": 0.8170870049943179,
    "mean_hidden_l2": 21.024894168371162,
    "mean_base_topk_js": 0.6559363567442289,
    "mean_base_prob_diff": 0.18705467903286707,
    "mean_acceptance_mismatch_rate": 0.11903391979825231
  },
  "4": {
    "mean_divergence_index": 3.76,
    "mean_token_edit_distance_norm": 0.5660121140685064,
    "mean_text_similarity": 0.30723128537565275,
    "mean_hidden_cosine": 0.8231404769106376,
    "mean_hidden_l2": 21.142201953068966,
    "mean_base_topk_js": 0.6587242808938208,
    "mean_base_prob_diff": 0.1871401726596747,
    "mean_acceptance_mismatch_rate": 0.11718151577361854
  },
  "3": {
    "mean_divergence_index": 6.2,
    "mean_token_edit_distance_norm": 0.5522188843991053,
    "mean_text_similarity": 0.32188285823292406,
    "mean_hidden_cosine": 0.8195848100796015,
    "mean_hidden_l2": 21.045301743378392,
    "mean_base_topk_js": 0.6563526569962689,
    "mean_base_prob_diff": 0.1854199845903986,
    "mean_acceptance_mismatch_rate": 0.11546479890831009
  },
  "8": {
    "mean_divergence_index": 4.38,
    "mean_token_edit_distance_norm": 0.5878409504306749,
    "mean_text_similarity": 0.32210866248520786,
    "mean_hidden_cosine": 0.8188140016239991,
    "mean_hidden_l2": 21.120992735971402,
    "mean_base_topk_js": 0.6571744919428951,
    "mean_base_prob_diff": 0.18351691904478065,
    "mean_acceptance_mismatch_rate": 0.11577927069961529
  },
  "22": {
    "mean_divergence_index": 4.78,
    "mean_token_edit_distance_norm": 0.5811752019087688,
    "mean_text_similarity": 0.3222030983963544,
    "mean_hidden_cosine": 0.8197365858095137,
    "mean_hidden_l2": 21.063015977949796,
    "mean_base_topk_js": 0.6584608060043559,
    "mean_base_prob_diff": 0.18426480567244968,
    "mean_acceptance_mismatch_rate": 0.12027456880114418
  },
  "37": {
    "mean_divergence_index": 7.38,
    "mean_token_edit_distance_norm": 0.5618921693462382,
    "mean_text_similarity": 0.31446343035547,
    "mean_hidden_cosine": 0.8100026078974892,
    "mean_hidden_l2": 20.852631437027288,
    "mean_base_topk_js": 0.6486356017097958,
    "mean_base_prob_diff": 0.18810032813179053,
    "mean_acceptance_mismatch_rate": 0.11966267195610819
  },
  "31": {
    "mean_divergence_index": 4.14,
    "mean_token_edit_distance_norm": 0.567257646800497,
    "mean_text_similarity": 0.32610236703272955,
    "mean_hidden_cosine": 0.8168289805626097,
    "mean_hidden_l2": 20.938115029973186,
    "mean_base_topk_js": 0.6498961748382137,
    "mean_base_prob_diff": 0.1821936029288866,
    "mean_acceptance_mismatch_rate": 0.11475965336582275
  },
  "24": {
    "mean_divergence_index": 4.82,
    "mean_token_edit_distance_norm": 0.5730040180745322,
    "mean_text_similarity": 0.29656643411849476,
    "mean_hidden_cosine": 0.8184937130983654,
    "mean_hidden_l2": 21.10310811565081,
    "mean_base_topk_js": 0.6607995903035989,
    "mean_base_prob_diff": 0.17877713855655608,
    "mean_acceptance_mismatch_rate": 0.11269355054217448
  },
  "12": {
    "mean_divergence_index": 4.94,
    "mean_token_edit_distance_norm": 0.5788534993138624,
    "mean_text_similarity": 0.32433358650990207,
    "mean_hidden_cosine": 0.8183364234765013,
    "mean_hidden_l2": 21.091449678938485,
    "mean_base_topk_js": 0.6581214525309833,
    "mean_base_prob_diff": 0.1819264384518062,
    "mean_acceptance_mismatch_rate": 0.11764568418572383
  },
  "26": {
    "mean_divergence_index": 4.44,
    "mean_token_edit_distance_norm": 0.5713895429213445,
    "mean_text_similarity": 0.31135576825373723,
    "mean_hidden_cosine": 0.823333012368727,
    "mean_hidden_l2": 21.123845590325722,
    "mean_base_topk_js": 0.657976974070883,
    "mean_base_prob_diff": 0.18081329105942476,
    "mean_acceptance_mismatch_rate": 0.11306167297192107
  },
  "33": {
    "mean_divergence_index": 4.3,
    "mean_token_edit_distance_norm": 0.5900505130122312,
    "mean_text_similarity": 0.27207392908771405,
    "mean_hidden_cosine": 0.8242233132961944,
    "mean_hidden_l2": 21.20777386730254,
    "mean_base_topk_js": 0.6599231117966333,
    "mean_base_prob_diff": 0.18372322845637395,
    "mean_acceptance_mismatch_rate": 0.11537909554702354
  },
  "20": {
    "mean_divergence_index": 5.76,
    "mean_token_edit_distance_norm": 0.5643674050516982,
    "mean_text_similarity": 0.3178870215734771,
    "mean_hidden_cosine": 0.8073944219165701,
    "mean_hidden_l2": 20.851713169197577,
    "mean_base_topk_js": 0.6521981132990196,
    "mean_base_prob_diff": 0.1806409936105881,
    "mean_acceptance_mismatch_rate": 0.11267837899938468
  },
  "7": {
    "mean_divergence_index": 0.0,
    "mean_token_edit_distance_norm": 0.9610546875,
    "mean_text_similarity": 0.0005467166484609444,
    "mean_hidden_cosine": 0.0,
    "mean_hidden_l2": 16.725457406027672,
    "mean_base_topk_js": 0.6926569288293253,
    "mean_base_prob_diff": 0.8744451480771049,
    "mean_acceptance_mismatch_rate": 0.9326679313933575
  },
  "38": {
    "mean_divergence_index": 5.72,
    "mean_token_edit_distance_norm": 0.5904915424517617,
    "mean_text_similarity": 0.284052410188956,
    "mean_hidden_cosine": 0.8187932110519427,
    "mean_hidden_l2": 21.006189511023308,
    "mean_base_topk_js": 0.6538067909871437,
    "mean_base_prob_diff": 0.18716877255786424,
    "mean_acceptance_mismatch_rate": 0.121850547309252
  },
  "48": {
    "mean_divergence_index": 4.44,
    "mean_token_edit_distance_norm": 0.5816691788070556,
    "mean_text_similarity": 0.3102674378905069,
    "mean_hidden_cosine": 0.8173586176919497,
    "mean_hidden_l2": 21.03906115366069,
    "mean_base_topk_js": 0.6551081464866034,
    "mean_base_prob_diff": 0.18426178297366796,
    "mean_acceptance_mismatch_rate": 0.11561361165391362
  },
  "43": {
    "mean_divergence_index": 6.7,
    "mean_token_edit_distance_norm": 0.5397135071557985,
    "mean_text_similarity": 0.3463230431757926,
    "mean_hidden_cosine": 0.813004453899848,
    "mean_hidden_l2": 20.91490259198614,
    "mean_base_topk_js": 0.651810280533898,
    "mean_base_prob_diff": 0.18325683847585772,
    "mean_acceptance_mismatch_rate": 0.11430719120891655
  },
  "30": {
    "mean_divergence_index": 7.08,
    "mean_token_edit_distance_norm": 0.5868030713202897,
    "mean_text_similarity": 0.2953927229225398,